N,Time,avg(T),avg(T.air),avg(T.liquid),avg(U (0)),avg(U (1)),avg(U (2)),avg(U (Magnitude)),avg(X),avg(Y),avg(Z),avg(alpha.liquid),avg(p),avg(p_rgh),avg(rho),max(T),max(T.air),max(T.liquid),max(U (0)),max(U (1)),max(U (2)),max(U (Magnitude)),max(X),max(Y),max(Z),max(alpha.liquid),max(p),max(p_rgh),max(rho),med(T),med(T.air),med(T.liquid),med(U (0)),med(U (1)),med(U (2)),med(U (Magnitude)),med(X),med(Y),med(Z),med(alpha.liquid),med(p),med(p_rgh),med(rho),min(T),min(T.air),min(T.liquid),min(U (0)),min(U (1)),min(U (2)),min(U (Magnitude)),min(X),min(Y),min(Z),min(alpha.liquid),min(p),min(p_rgh),min(rho),q1(T),q1(T.air),q1(T.liquid),q1(U (0)),q1(U (1)),q1(U (2)),q1(U (Magnitude)),q1(X),q1(Y),q1(Z),q1(alpha.liquid),q1(p),q1(p_rgh),q1(rho),q3(T),q3(T.air),q3(T.liquid),q3(U (0)),q3(U (1)),q3(U (2)),q3(U (Magnitude)),q3(X),q3(Y),q3(Z),q3(alpha.liquid),q3(p),q3(p_rgh),q3(rho),std(T),std(T.air),std(T.liquid),std(U (0)),std(U (1)),std(U (2)),std(U (Magnitude)),std(X),std(Y),std(Z),std(alpha.liquid),std(p),std(p_rgh),std(rho),sum(T),sum(T.air),sum(T.liquid),sum(U (0)),sum(U (1)),sum(U (2)),sum(U (Magnitude)),sum(X),sum(Y),sum(Z),sum(alpha.liquid),sum(p),sum(p_rgh),sum(rho),vtkValidPointMask
283780,0.01,432,483.22,483.22,0.078388,2.8628E-05,-5.2551E-06,0.078954,0.075,0.002,2.0618E-09,0.028172,117540,117540,21.509,520.87,520.87,520.87,0.58763,0.11052,0.11509,0.58763,0.15,0.004,0.01,1,5098200,5098300,738.28,461.13,492.51,492.51,0.040975,0,0,0.041539,0.075,0.002,1.758E-15,0,100950,100950,0.71839,323.15,410.7,410.7,-0.00031714,-0.10929,-0.1154,0,0,0,-0.01,-1.5802E-13,27990,28002,0.7045,323.35,462.14,462.14,0,-0.0019066,-0.0011843,0,0.027,0.00046842,-0.0040065,0,100100,100100,0.71103,491.2,493.15,493.15,0.11821,0.0019073,0.0011782,0.11873,0.123,0.0035316,0.0040065,0,102310,102310,0.7613,72.742,15.527,15.527,0.10026,0.0089194,0.0095951,0.10067,0.048721,0.0015578,0.0050477,0.15906,149820,149820,117.32,122590000,137130000,137130000,22245,8.124,-1.4913,22405,21283,567.55,0.00058511,7994.5,33355000000,33355000000,6103900,1
283780,0.02,424.9,476.13,476.13,0.1075,2.7289E-05,-1.3646E-05,0.10807,0.075,0.002,2.0618E-09,0.047149,136700,136700,35.525,520.15,520.15,520.15,0.69932,0.090366,0.1127,0.69932,0.15,0.004,0.01,1,5853600,5853600,738.28,442.31,486.44,486.44,0.077502,0,0,0.077726,0.075,0.002,1.758E-15,0,101540,101540,0.72899,323.15,379.11,379.11,0,-0.080522,-0.11276,0,0,0,-0.01,-7.2263E-15,37134,37153,0.70368,323.3,443.37,443.37,0,-0.0011259,-0.0010281,0,0.027,0.00046842,-0.0040065,0,100240,100240,0.71719,484.52,493.15,493.15,0.15569,0.0011273,0.0010034,0.15672,0.123,0.0035316,0.0040065,0,103210,103210,0.80033,69.932,23.707,23.707,0.12168,0.0073462,0.012055,0.12199,0.048721,0.0015578,0.0050477,0.20287,223980,223980,149.63,120580000,135120000,135120000,30508,7.744,-3.8725,30669,21283,567.55,0.00058511,13380,38792000000,38792000000,10081000,1
283780,0.03,419.39,470.63,470.63,0.12059,2.7054E-05,-5.5284E-06,0.12122,0.075,0.002,2.0618E-09,0.068819,169330,169330,51.523,519.94,519.94,519.94,0.74792,0.09242,0.12026,0.74792,0.15,0.004,0.01,1,6514100,6514100,738.28,428.8,481.43,481.43,0.089793,0,0,0.090327,0.075,0.002,1.758E-15,0,101810,101810,0.74212,323.15,363.08,363.08,0,-0.082432,-0.12021,0,0,0,-0.01,-1.3834E-13,32790,32793,0.70256,323.27,429.92,429.92,0,-0.00075061,-0.00079772,0,0.027,0.00046842,-0.0040065,0,100310,100310,0.71926,477.55,493.15,493.15,0.17699,0.00075257,0.00079356,0.17832,0.123,0.0035316,0.0040065,0,103620,103620,0.83036,68.02,29.309,29.309,0.13388,0.0072661,0.013493,0.13419,0.048721,0.0015578,0.0050477,0.24383,327820,327830,179.86,119010000,133560000,133560000,34221,7.6774,-1.5688,34400,21283,567.55,0.00058511,19529,48051000000,48052000000,14621000,1
283780,0.04,415.19,466.43,466.43,0.1292,2.6657E-05,-1.1077E-05,0.12989,0.075,0.002,2.0618E-09,0.091155,215100,215100,68.011,522.91,522.91,522.91,0.78535,0.09281,0.12527,0.78535,0.15,0.004,0.01,1,7145300,7145300,738.28,418.65,476.79,476.79,0.09829,0,0,0.099136,0.075,0.002,1.758E-15,0,101990,101990,0.75705,323.15,353.3,353.3,0,-0.082785,-0.12526,0,0,0,-0.01,-1.6088E-13,30185,30188,0.70164,323.26,419.79,419.79,0,-0.00054289,-0.00062063,0,0.027,0.00046842,-0.0040065,0,100350,100350,0.72084,470.95,493.15,493.15,0.19054,0.00054446,0.00061542,0.19166,0.123,0.0035316,0.0040065,0,103900,103900,0.85473,66.796,33.507,33.507,0.14264,0.0072718,0.014662,0.14295,0.048721,0.0015578,0.0050477,0.27889,453720,453720,205.72,117820000,132360000,132360000,36664,7.5647,-3.1436,36860,21283,567.55,0.00058511,25868,61040000000,61040000000,19300000,1
283780,0.05,411.97,463.22,463.22,0.13502,2.6376E-05,-1.3081E-05,0.13576,0.075,0.002,2.0618E-09,0.11366,273380,273390,84.618,526.31,526.31,526.31,0.80834,0.092912,0.12881,0.80834,0.15,0.004,0.01,1,7758700,7758700,738.28,410.68,479.57,479.57,0.10449,0,0,0.10533,0.075,0.002,1.758E-15,0,102120,102120,0.77067,323.15,347.82,347.82,0,-0.082893,-0.12878,0,0,0,-0.01,-4.6919E-14,29379,29382,0.70073,323.24,414.74,414.74,0,-0.00040065,-0.0005032,0,0.027,0.00046842,-0.0040065,0,100390,100390,0.72211,465.37,493.15,493.15,0.19967,0.00040124,0.0004898,0.20161,0.123,0.0035316,0.0040065,0,104090,104090,0.87534,66.08,36.814,36.814,0.14876,0.0073226,0.01555,0.14908,0.048721,0.0015578,0.0050477,0.30876,595770,595770,227.75,116910000,131450000,131450000,38315,7.4849,-3.712,38525,21283,567.55,0.00058511,32253,77581000000,77581000000,24013000,1
283780,0.06,409.54,460.79,460.79,0.1395,2.7336E-05,-7.139E-06,0.14029,0.075,0.002,2.0618E-09,0.13625,344100,344110,101.29,529.03,529.03,529.03,0.82557,0.092923,0.13417,0.82557,0.15,0.004,0.01,1,8339000,8339000,738.28,404.34,486.08,486.08,0.1081,0,0,0.10926,0.075,0.002,1.758E-15,0,102220,102220,0.78369,323.15,344.15,344.15,0,-0.082993,-0.134,0,0,0,-0.01,-1.9643E-14,29982,29985,0.7003,323.23,424.76,424.76,0,-0.00031185,-0.00044558,0,0.027,0.00046842,-0.0040065,0,100410,100410,0.72319,460.84,493.15,493.15,0.20634,0.0003122,0.00043494,0.20827,0.123,0.0035316,0.0040065,0,104230,104230,0.89323,65.747,39.5,39.5,0.1535,0.0073331,0.016377,0.15384,0.048721,0.0015578,0.0050477,0.33465,751070,751070,246.85,116220000,130760000,130760000,39587,7.7573,-2.0259,39810,21283,567.55,0.00058511,38666,97649000000,97650000000,28745000,1
283780,0.07,407.7,458.96,458.96,0.14288,2.7466E-05,-1.5619E-05,0.14374,0.075,0.002,2.0618E-09,0.1589,427090,427090,118,531.36,531.36,531.36,0.83898,0.092939,0.15021,0.83898,0.15,0.004,0.01,1,8939900,8939900,738.28,399.13,487.28,487.28,0.11062,0,0,0.11207,0.075,0.002,1.758E-15,0,102290,102290,0.79556,323.15,341.6,341.6,0,-0.083008,-0.15046,0,0,0,-0.01,-8.5879E-15,31496,31499,0.70048,323.23,424.87,424.87,0,-0.00024586,-0.0003901,0,0.027,0.00046842,-0.0040065,0,100430,100430,0.72405,457.93,493.15,493.15,0.21058,0.00024635,0.00038264,0.21344,0.123,0.0035316,0.0040065,0,104350,104350,0.90886,65.7,41.729,41.729,0.15711,0.007348,0.017467,0.15747,0.048721,0.0015578,0.0050477,0.35735,917390,917390,263.6,115700000,130240000,130240000,40547,7.7942,-4.4325,40790,21283,567.55,0.00058511,45092,121200000000,121200000000,33487000,1
283780,0.08,406.35,457.61,457.61,0.14534,2.7448E-05,-1.0931E-05,0.14631,0.075,0.002,2.0618E-09,0.18158,522340,522340,134.74,533.13,533.13,533.13,0.84957,0.092947,0.23202,0.84957,0.15,0.004,0.01,1,9533800,9533800,738.28,394.8,487.45,487.45,0.11225,0,0,0.11406,0.075,0.002,1.758E-15,0,102340,102340,0.80801,323.15,339.75,339.75,0,-0.083017,-0.23185,0,0,0,-0.01,-1.1036E-14,30908,30911,0.70072,323.22,425.38,425.38,0,-0.00019804,-0.00034096,0,0.027,0.00046842,-0.0040065,0,100440,100440,0.7253,455.75,493.15,493.15,0.21318,0.00019864,0.00033704,0.217,0.123,0.0035316,0.0040065,2.8586E-23,104430,104430,0.92361,65.869,43.598,43.598,0.1597,0.0073362,0.019263,0.16015,0.048721,0.0015578,0.0050477,0.3774,1093000,1093000,278.38,115310000,129860000,129860000,41246,7.7892,-3.102,41520,21283,567.55,0.00058511,51527,148230000000,148230000000,38236000,1
283780,0.09,405.38,456.63,456.63,0.14755,2.6554E-05,-1.1583E-05,0.14872,0.075,0.002,2.0618E-09,0.20424,628900,628900,151.46,534.44,534.44,534.44,0.85998,0.092954,0.36905,0.85998,0.15,0.004,0.01,1,10123000,10123000,738.28,391.12,487.67,487.67,0.11427,0,0,0.117,0.075,0.002,1.758E-15,0,102380,102380,0.82046,323.15,334.34,334.34,0,-0.083024,-0.36851,0,0,0,-0.01,-5.1671E-15,33002,33005,0.70083,323.22,424.89,424.89,0,-0.0001632,-0.00030725,0,0.027,0.00046842,-0.0040065,0,100450,100450,0.72649,454.09,493.15,493.15,0.2187,0.0001639,0.00030206,0.22322,0.123,0.0035316,0.0040065,6.0103E-15,104500,104500,0.94562,66.185,45.193,45.193,0.16198,0.0073949,0.02353,0.16278,0.048721,0.0015578,0.0050477,0.39515,1275000,1275000,291.48,115040000,129580000,129580000,41872,7.5356,-3.2871,42204,21283,567.55,0.00058511,57959,178470000000,178470000000,42981000,1
283780,0.1,404.73,455.99,455.99,0.14332,2.6867E-05,-1.1435E-05,0.14434,0.075,0.002,2.0618E-09,0.22746,753140,753150,168.6,535.31,535.31,535.31,0.81407,0.13999,0.45379,0.81407,0.15,0.004,0.01,1,10736000,10736000,738.28,387.79,488.13,488.13,0.10981,0,0,0.11102,0.075,0.002,1.758E-15,0,102320,102320,0.83464,323.15,334.51,334.51,0,-0.1399,-0.4515,0,0,0,-0.01,-5.5652E-20,32026,32029,0.70085,323.21,424.94,424.94,0,-0.00011672,-0.00023602,0,0.027,0.00046842,-0.0040065,-1.4013E-45,100440,100440,0.72675,472.3,493.15,493.15,0.21275,0.00011756,0.00023272,0.21568,0.123,0.0035316,0.0040065,2.3552E-11,104370,104370,1.0181,66.662,46.603,46.603,0.15686,0.0083415,0.023188,0.15786,0.048721,0.0015578,0.0050477,0.41127,1471600,1471600,303.37,114850000,129400000,129400000,40671,7.6243,-3.2449,40960,21283,567.55,0.00058511,64550,213730000000,213730000000,47844000,1
283780,0.11,404.38,455.65,455.65,0.1432,2.6883E-05,-8.9301E-06,0.14397,0.075,0.002,2.0618E-09,0.25399,993100,993110,188.17,535.79,535.79,535.79,0.83317,0.12364,0.3132,0.83317,0.15,0.004,0.01,1,11750000,11750000,738.28,385.06,490.8,490.8,0.107,0,0,0.10796,0.075,0.002,1.758E-15,0,102310,102310,0.85759,323.15,333.42,333.42,0,-0.1234,-0.31293,0,0,0,-0.01,-1.2964E-19,30367,30370,0.70096,323.21,422.4,422.4,0,-0.00012056,-0.00027064,0,0.027,0.00046842,-0.0040065,-7.0065E-45,100440,100440,0.72756,478.97,493.15,493.15,0.21237,0.00012084,0.00026684,0.21477,0.123,0.0035316,0.0040065,0.85499,328000,328010,631.91,67.227,47.772,47.772,0.15773,0.0089226,0.018636,0.15838,0.048721,0.0015578,0.0050477,0.42882,1821700,1821700,316.32,114760000,129300000,129300000,40637,7.6289,-2.5342,40855,21283,567.55,0.00058511,72077,281820000000,281820000000,53399000,1
283780,0.12,404.39,455.65,455.65,0.14996,2.6871E-05,-9.5658E-06,0.15073,0.075,0.002,2.0618E-09,0.28059,1408500,1408500,207.8,535.98,535.98,535.98,0.87102,0.13318,0.24772,0.87102,0.15,0.004,0.01,1,13319000,13319000,738.28,383.37,492.99,492.99,0.11076,0,0,0.11129,0.075,0.002,1.758E-15,0,102480,102480,0.90864,323.15,333.86,333.86,0,-0.13344,-0.24746,0,0,0,-0.01,-2.031E-19,14119,14133,0.70105,323.21,420.06,420.06,0,-0.00010225,-0.00024776,0,0.027,0.00046842,-0.0040065,-2.5223E-44,100480,100480,0.72971,480.05,493.15,493.15,0.2209,0.00010238,0.00024487,0.22328,0.123,0.0035316,0.0040065,0.97316,1928200,1928200,719.06,67.935,48.753,48.753,0.16672,0.0096828,0.017616,0.16724,0.048721,0.0015578,0.0050477,0.4442,2406400,2406400,327.67,114760000,129300000,129300000,42557,7.6255,-2.7146,42773,21283,567.55,0.00058511,79627,399700000000,399700000000,58970000,1
283780,0.13,404.78,456.05,456.05,0.16027,2.7193E-05,-8.7834E-06,0.16112,0.075,0.002,2.0618E-09,0.30876,2103400,2103400,228.58,535.95,535.95,535.95,0.95521,0.1597,0.20611,0.95521,0.15,0.004,0.01,1,15698000,15698000,738.28,384.08,493.15,493.15,0.11455,0,0,0.11617,0.075,0.002,1.758E-15,0,102710,102710,0.92686,323.15,332.72,332.72,0,-0.15952,-0.20593,0,0,0,-0.01,-1.7558E-14,10000,10014,0.7012,323.2,418.4,418.4,0,-0.00010612,-0.00027706,0,0.027,0.00046842,-0.0040065,-8.9683E-44,100520,100520,0.73267,480.75,493.15,493.15,0.23547,0.00010596,0.00027462,0.23796,0.123,0.0035316,0.0040065,0.98698,4250200,4250200,729.21,68.823,49.575,49.575,0.1803,0.010651,0.018882,0.18084,0.048721,0.0015578,0.0050477,0.45788,3352300,3352300,337.77,114870000,129420000,129420000,45481,7.7168,-2.4925,45723,21283,567.55,0.00058511,87618,596910000000,596910000000,64867000,1
283780,0.14,405.42,456.68,456.68,0.16542,2.6895E-05,-9.3847E-06,0.16635,0.075,0.002,2.0618E-09,0.3375,2986400,2986400,249.79,535.78,535.78,535.78,0.97204,0.16524,0.21702,0.97204,0.15,0.004,0.01,1,18465000,18465000,738.28,393.99,493.15,493.15,0.1165,0,0,0.11885,0.075,0.002,1.758E-15,0,102850,102850,0.93203,323.15,331.72,331.72,0,-0.1651,-0.21695,0,0,0,-0.01,-2.5266E-14,10000,10011,0.70121,323.2,417.2,417.2,0,-6.9813E-05,-0.00024552,0,0.027,0.00046842,-0.0040065,-3.3351E-43,100550,100550,0.73475,481.75,493.15,493.15,0.24318,7.0199E-05,0.00024092,0.24637,0.123,0.0035316,0.0040065,0.9929,6957300,6957300,733.45,69.87,50.376,50.376,0.18662,0.010678,0.020319,0.1872,0.048721,0.0015578,0.0050477,0.46907,4498400,4498400,346.02,115050000,129600000,129600000,46944,7.6322,-2.6632,47206,21283,567.55,0.00058511,95775,847480000000,847480000000,70884000,1
283780,0.15,406.22,457.49,457.49,0.16468,2.7028E-05,-1.0642E-05,0.1656,0.075,0.002,2.0618E-09,0.36624,3921700,3921700,271,535.53,535.53,535.53,0.9693,0.15651,0.22521,0.9693,0.15,0.004,0.01,1,21153000,21153000,738.28,399.22,493.15,493.15,0.11576,0,0,0.11727,0.075,0.002,1.758E-15,0,102850,102850,0.93738,323.15,330.84,330.84,0,-0.15632,-0.22541,0,0,0,-0.01,-4.9168E-18,10000,10011,0.7004,323.2,415.78,415.78,0,-6.0466E-05,-0.00025919,0,0.027,0.00046842,-0.0040065,-5.9835E-43,100550,100550,0.74199,488.12,493.15,493.15,0.2428,6.0489E-05,0.00025324,0.24514,0.123,0.0035316,0.0040065,0.99569,9591700,9591700,735.42,71.011,51.143,51.143,0.18597,0.010572,0.020329,0.18655,0.048721,0.0015578,0.0050477,0.4781,5633600,5633600,352.68,115280000,129830000,129830000,46731,7.6699,-3.0201,46994,21283,567.55,0.00058511,103930,1112900000000,1112900000000,76903000,1
283780,0.16,407.22,458.49,458.49,0.16367,2.8501E-05,-8.6764E-06,0.16459,0.075,0.002,2.0618E-09,0.39469,4892300,4892400,291.98,535.21,535.21,535.21,0.95728,0.15586,0.21432,0.95728,0.15,0.004,0.01,1,23732000,23732000,738.28,403.07,493.15,493.15,0.11472,0,0,0.11609,0.075,0.002,1.758E-15,2.3439E-24,102830,102830,0.94703,323.15,330.11,330.11,0,-0.15567,-0.21385,0,0,0,-0.01,-4.1608E-17,10000,10011,0.70064,323.2,416.73,416.73,0,-5.3956E-05,-0.00024027,0,0.027,0.00046842,-0.0040065,-1.2093E-42,100550,100550,0.77885,492.6,493.15,493.15,0.24074,5.3535E-05,0.00023454,0.24356,0.123,0.0035316,0.0040065,0.99686,12118000,12118000,736.25,72.229,51.839,51.839,0.18508,0.010454,0.020267,0.18567,0.048721,0.0015578,0.0050477,0.48511,6729500,6729500,357.86,115560000,130110000,130110000,46445,8.088,-2.4622,46706,21283,567.55,0.00058511,112000,1388300000000,1388300000000,82858000,1
283780,0.17,408.39,459.66,459.66,0.16247,2.6843E-05,-9.7994E-06,0.16338,0.075,0.002,2.0618E-09,0.42281,5892100,5892100,312.73,536.64,536.64,536.64,0.95714,0.14773,0.22261,0.95714,0.15,0.004,0.01,1,26207000,26207000,738.28,405.67,493.15,493.15,0.11379,0,0,0.11503,0.075,0.002,1.758E-15,1.2775E-16,102820,102820,0.95541,323.15,329.49,329.49,0,-0.14764,-0.2225,0,0,0,-0.01,-5.3859E-17,10000,10011,0.70049,323.2,415.69,415.69,0,-5.8173E-05,-0.00025357,0,0.027,0.00046842,-0.0040065,-1.4994E-42,100550,100550,0.82149,493.32,493.32,493.32,0.23938,5.4655E-05,0.00024698,0.2418,0.123,0.0035316,0.0040065,0.99789,14541000,14541000,736.96,73.518,52.484,52.484,0.18404,0.0103,0.020197,0.18462,0.048721,0.0015578,0.0050477,0.4903,7779400,7779400,361.69,115890000,130440000,130440000,46105,7.6174,-2.7809,46365,21283,567.55,0.00058511,119990,1672000000000,1672100000000,88747000,1
283780,0.18,409.71,460.98,460.98,0.1612,2.7378E-05,-4.7694E-06,0.1621,0.075,0.002,2.0618E-09,0.45064,6917500,6917500,333.27,537.68,537.68,537.68,0.95713,0.14306,0.21378,0.95713,0.15,0.004,0.01,1,28583000,28583000,738.28,405.73,493.15,493.15,0.11273,0,0,0.11405,0.075,0.002,1.758E-15,3.2819E-13,102790,102790,0.96838,323.15,328.98,328.98,0,-0.14278,-0.21254,0,0,0,-0.01,-1.7633E-18,10000,10011,0.70015,323.19,414.46,414.46,0,-5.3884E-05,-0.00025746,0,0.027,0.00046842,-0.0040065,-1.299E-42,100540,100540,0.83305,494.73,494.73,494.73,0.2374,5.1469E-05,0.0002537,0.23949,0.123,0.0035316,0.0040065,0.99898,16862000,16862000,737.65,74.858,53.086,53.086,0.18285,0.010071,0.020039,0.18343,0.048721,0.0015578,0.0050477,0.49382,8781700,8781700,364.29,116270000,130820000,130820000,45745,7.7693,-1.3535,46002,21283,567.55,0.00058511,127880,1963000000000,1963000000000,94574000,1
283780,0.19,411.17,462.44,462.44,0.15998,2.6394E-05,-8.0684E-06,0.16088,0.075,0.002,2.0618E-09,0.47806,7958400,7958400,353.49,538.52,538.52,538.52,0.95889,0.13737,0.21347,0.95889,0.15,0.004,0.01,1,30851000,30851000,738.28,404.77,493.15,493.15,0.11164,0,0,0.113,0.075,0.002,1.758E-15,2.9478E-11,102760,102760,1.0073,323.13,328.56,328.56,0,-0.138,-0.21297,0,0,0,-0.01,-2.4379E-15,10000,10011,0.69944,323.19,413.48,413.48,0,-5.2881E-05,-0.00028196,0,0.027,0.00046842,-0.0040065,-6.9364E-43,100540,100540,0.84789,495.74,495.74,495.74,0.23535,5.2428E-05,0.0002763,0.23739,0.123,0.0035316,0.0040065,0.9996,19074000,19074000,738.04,76.24,53.637,53.637,0.18194,0.0099364,0.019955,0.18251,0.048721,0.0015578,0.0050477,0.49574,9729200,9729200,365.7,116680000,131230000,131230000,45398,7.4901,-2.2897,45654,21283,567.55,0.00058511,135660,2258400000000,2258400000000,100310000,1
283780,0.2,412.78,464.05,464.05,0.15881,2.6016E-05,-8.9856E-06,0.15971,0.075,0.002,2.0618E-09,0.50504,9014800,9014800,373.4,539.94,539.94,539.94,0.96013,0.1305,0.21224,0.96013,0.15,0.004,0.01,1,32920000,32920000,738.28,404.27,493.15,493.15,0.11039,0,0,0.11187,0.075,0.002,1.758E-15,0.92157,493160,493170,681.87,322.8,322.8,322.8,0,-0.13021,-0.21214,0,0,0,-0.01,-9.724E-19,10000,10011,0.69853,323.19,413.92,413.92,0,-5.0953E-05,-0.00027699,0,0.027,0.00046842,-0.0040065,-9.9492E-44,100530,100530,0.85157,497.37,497.37,497.37,0.2331,5.6922E-05,0.00027027,0.23537,0.123,0.0035316,0.0040065,0.9998,21191000,21191000,738.17,77.642,54.112,54.112,0.18123,0.009798,0.019846,0.1818,0.048721,0.0015578,0.0050477,0.49613,10626000,10626000,365.99,117140000,131690000,131690000,45068,7.3828,-2.5499,45321,21283,567.55,0.00058511,143320,2558200000000,2558200000000,105960000,1
283780,0.21,414.5,465.77,465.77,0.158,2.5676E-05,-9.5446E-06,0.15889,0.075,0.002,2.0618E-09,0.5317,10085000,10085000,393.07,542.24,542.24,542.24,0.96091,0.12954,0.19596,0.96091,0.15,0.004,0.01,1,35013000,35013000,738.28,405.8,493.15,493.15,0.1094,0,0,0.11104,0.075,0.002,1.758E-15,0.9832,2698200,2698200,726.66,313.58,313.58,313.58,0,-0.13172,-0.19615,0,0,0,-0.01,-6.4731E-19,10013,10016,0.69843,323.19,415.88,415.88,0,-4.8305E-05,-0.00025859,0,0.027,0.00046842,-0.0040065,0,100530,100530,0.86088,499.47,499.47,499.47,0.23112,5.463E-05,0.00025163,0.23396,0.123,0.0035316,0.0040065,0.99989,23227000,23227000,738.22,79.043,54.505,54.505,0.18086,0.0096775,0.019723,0.18141,0.048721,0.0015578,0.0050477,0.49508,11473000,11473000,365.21,117630000,132180000,132180000,44837,7.2864,-2.7086,45088,21283,567.55,0.00058511,150880,2862000000000,2862000000000,111540000,1
283780,0.22,416.32,467.59,467.59,0.15732,2.5808E-05,-9.1769E-06,0.1582,0.075,0.002,2.0618E-09,0.55809,11173000,11173000,412.54,544.4,544.4,544.4,0.96203,0.12236,0.2059,0.96203,0.15,0.004,0.01,1,37040000,37040000,738.28,407.17,493.15,493.15,0.1086,0,0,0.11007,0.075,0.002,1.758E-15,0.98978,4687900,4687900,731.53,305.12,305.12,305.12,0,-0.12302,-0.20581,0,0,0,-0.01,-4.318E-19,13465,13468,0.69816,323.19,419.34,419.34,0,-4.2721E-05,-0.00024455,0,0.027,0.00046842,-0.0040065,6.8592E-36,100530,100530,0.8725,501.54,501.54,501.54,0.22943,5.3821E-05,0.00023607,0.23216,0.123,0.0035316,0.0040065,0.99995,25203000,25203000,738.25,80.449,54.847,54.847,0.18069,0.0095708,0.019695,0.18125,0.048721,0.0015578,0.0050477,0.49261,12277000,12277000,363.39,118140000,132690000,132690000,44644,7.3237,-2.6042,44895,21283,567.55,0.00058511,158370,3170600000000,3170600000000,117070000,1
283780,0.23,418.23,469.5,469.5,0.15702,2.6618E-05,-9.2783E-06,0.1579,0.075,0.002,2.0618E-09,0.58428,12278000,12278000,431.87,546.63,546.63,546.63,0.96726,0.12405,0.19778,0.96726,0.15,0.004,0.01,1,39007000,39007000,738.28,406.82,493.15,493.15,0.10759,0,0,0.10905,0.075,0.002,1.758E-15,0.99266,6618500,6618600,733.6,302.76,302.76,302.76,0,-0.12675,-0.19779,0,0,0,-0.01,-1.1367E-18,13257,13259,0.69808,323.19,424.87,424.87,0,-4.6522E-05,-0.00024537,0,0.027,0.00046842,-0.0040065,4.0754E-25,100520,100520,0.8868,503.56,503.56,503.56,0.22852,5.5573E-05,0.00023577,0.2307,0.123,0.0035316,0.0040065,0.99996,27122000,27122000,738.26,81.851,55.133,55.133,0.18108,0.0095249,0.019592,0.18163,0.048721,0.0015578,0.0050477,0.48873,13037000,13037000,360.54,118690000,133230000,133230000,44559,7.5536,-2.633,44807,21283,567.55,0.00058511,165810,3484100000000,3484100000000,122550000,1
283780,0.24,420.21,471.48,471.48,0.15658,2.7891E-05,-9.9232E-06,0.15745,0.075,0.002,2.0618E-09,0.61033,13404000,13404000,451.08,548.84,548.84,548.84,0.97218,0.11741,0.2029,0.97218,0.15,0.004,0.01,1,40930000,40930000,738.28,408.55,493.15,493.15,0.10709,0,0,0.10845,0.075,0.002,1.758E-15,0.99432,8494300,8494300,734.77,300.91,300.91,300.91,0,-0.11983,-0.20295,0,0,0,-0.01,-9.9823E-18,15281,15284,0.69807,323.19,427.31,427.31,0,-4.7545E-05,-0.0002397,0,0.027,0.00046842,-0.0040065,2.162E-16,100520,100520,0.91711,505.96,505.96,505.96,0.22699,5.839E-05,0.00022913,0.22957,0.123,0.0035316,0.0040065,0.99997,28999000,28999000,738.26,83.25,55.383,55.383,0.18112,0.0094221,0.019577,0.18167,0.048721,0.0015578,0.0050477,0.48345,13760000,13760000,356.64,119250000,133800000,133800000,44433,7.915,-2.816,44681,21283,567.55,0.00058511,173200,3803800000000,3803800000000,128010000,1
283780,0.25,422.25,473.52,473.52,0.15636,2.4838E-05,-1.0724E-05,0.15722,0.075,0.002,2.0618E-09,0.63623,14550000,14550000,470.19,550.99,550.99,550.99,0.97589,0.12281,0.18963,0.97589,0.15,0.004,0.01,1,42810000,42810000,738.28,411.94,493.15,493.15,0.10641,0,0,0.10759,0.075,0.002,1.758E-15,0.99544,10319000,10319000,735.55,300.27,300.27,300.27,0,-0.12626,-0.19002,0,0,0,-0.01,-2.3719E-19,14015,14018,0.69633,323.19,430.6,430.6,0,-4.6954E-05,-0.00020073,0,0.027,0.00046842,-0.0040065,2.8858E-14,100520,100520,0.94354,508.88,508.88,508.88,0.22492,5.326E-05,0.00018979,0.22853,0.123,0.0035316,0.0040065,0.99998,30835000,30835000,738.27,84.632,55.588,55.588,0.18165,0.0093807,0.019399,0.18218,0.048721,0.0015578,0.0050477,0.47672,14444000,14444000,351.67,119830000,134380000,134380000,44371,7.0486,-3.0432,44616,21283,567.55,0.00058511,180550,4128900000000,4128900000000,133430000,1
283780,0.26,424.34,475.61,475.61,0.15613,2.4808E-05,-9.1098E-06,0.15698,0.075,0.002,2.0618E-09,0.66203,15718000,15718000,489.23,553.07,553.07,553.07,0.97849,0.11793,0.17855,0.97849,0.15,0.004,0.01,1,44655000,44655000,738.28,415.35,493.15,493.15,0.10576,0,0,0.10712,0.075,0.002,1.758E-15,0.99628,12099000,12099000,736.12,299.6,299.6,299.6,0,-0.1216,-0.17869,0,0,0,-0.01,-2.8042E-17,10000,10014,0.69605,323.19,442.4,442.4,0,-5.6257E-05,-0.00019092,0,0.027,0.00046842,-0.0040065,5.7748E-13,100520,100520,0.95119,512.07,512.07,512.07,0.22398,6.0841E-05,0.00018054,0.22733,0.123,0.0035316,0.0040065,0.99998,32638000,32638000,738.27,86.013,55.784,55.784,0.182,0.0092799,0.019066,0.1825,0.048721,0.0015578,0.0050477,0.46851,15092000,15092000,345.61,120420000,134970000,134970000,44306,7.0401,-2.5852,44547,21283,567.55,0.00058511,187870,4460400000000,4460400000000,138830000,1
283780,0.27,426.48,477.75,477.75,0.15583,2.4092E-05,-1.1691E-05,0.15663,0.075,0.002,2.0618E-09,0.68759,16896000,16896000,508.08,555.1,555.1,555.1,0.98043,0.12211,0.17608,0.98043,0.15,0.004,0.01,1,46451000,46451000,738.28,422.6,493.15,493.15,0.10522,0,0,0.10634,0.075,0.002,1.758E-15,0.99691,13823000,13823000,736.53,288.09,288.09,288.09,0,-0.12391,-0.17611,0,0,0,-0.01,-1.8338E-17,18967,18970,0.70398,323.19,452.46,452.46,0,-4.3603E-05,-0.00014907,0,0.027,0.00046842,-0.0040065,3.1232E-12,100520,100520,0.95917,514.65,514.65,514.65,0.22311,4.6343E-05,0.00013937,0.2252,0.123,0.0035316,0.0040065,0.99998,34392000,34392000,738.27,87.417,55.996,55.996,0.18227,0.0090655,0.018154,0.18271,0.048721,0.0015578,0.0050477,0.45879,15698000,15698000,338.44,121030000,135580000,135580000,44222,6.8368,-3.3176,44449,21283,567.55,0.00058511,195120,4794800000000,4794800000000,144180000,1
283780,0.28,428.71,479.98,479.98,0.1565,2.4528E-05,-1.1064E-05,0.15731,0.075,0.002,2.0618E-09,0.71221,17920000,17920000,526.25,557.08,557.08,557.08,0.9825,0.093137,0.17097,0.9825,0.15,0.004,0.01,1,48233000,48233000,738.28,426.47,493.15,493.15,0.10608,0,0,0.10728,0.075,0.002,1.758E-15,0.99737,15262000,15262000,736.82,304.22,304.22,304.22,0,-0.09027,-0.17091,0,0,0,-0.01,-3.1744E-14,25481,25501,0.70485,323.19,473.22,473.22,0,-4.7778E-05,-0.00014153,0,0.027,0.00046842,-0.0040065,1.5458E-11,100530,100530,0.98995,517.21,517.21,517.21,0.22402,4.9651E-05,0.00013153,0.22778,0.123,0.0035316,0.0040065,0.99999,35866000,35866000,738.27,88.753,56.06,56.06,0.18293,0.0079685,0.018849,0.18338,0.048721,0.0015578,0.0050477,0.4476,16187000,16187000,330.18,121660000,136210000,136210000,44413,6.9604,-3.1397,44642,21283,567.55,0.00058511,202110,5085400000000,5085400000000,149340000,1
283780,0.29,430.97,482.24,482.24,0.15611,3.1072E-05,-8.5764E-06,0.15698,0.075,0.002,2.0618E-09,0.7349,18623000,18623000,542.98,559.02,559.02,559.02,0.98498,0.093103,0.19428,0.98498,0.15,0.004,0.01,1,49266000,49266000,738.28,428.29,493.15,493.15,0.10785,0,0,0.10945,0.075,0.002,1.758E-15,0.99767,16209000,16209000,737.01,303.79,303.79,303.79,0,-0.083366,-0.19424,0,0,0,-0.01,-4.8243E-14,35240,35243,0.70485,323.19,480.02,480.02,0,-4.5534E-05,-0.00011557,0,0.027,0.00046842,-0.0040065,3.4237E-10,100620,100620,1.0596,520.3,520.3,520.3,0.22758,4.7951E-05,0.0001085,0.23374,0.123,0.0035316,0.0040065,0.99999,36851000,36851000,738.27,90.069,56.092,56.092,0.18279,0.0072603,0.01954,0.18323,0.048721,0.0015578,0.0050477,0.43537,16500000,16500000,321.16,122300000,136850000,136850000,44300,8.8175,-2.4338,44546,21283,567.55,0.00058511,208550,5284800000000,5284800000000,154090000,1
283780,0.3,433.36,484.63,484.63,0.15629,3.0373E-05,-7.2949E-06,0.15727,0.075,0.002,2.0618E-09,0.75662,19093000,19093000,559,564.33,564.33,564.33,0.98776,0.092937,0.20209,0.98776,0.15,0.004,0.01,1,49798000,49798000,738.28,436.57,493.15,493.15,0.11007,0,0,0.11167,0.075,0.002,1.758E-15,0.9979,16813000,16813000,737.15,304.13,304.13,304.13,0,-0.082997,-0.20205,0,0,0,-0.01,-5.5462E-14,45646,45649,0.70485,323.18,484.18,484.18,0,-4.9088E-05,-0.00010698,0,0.027,0.00046842,-0.0040065,0.8819,256480,256480,651.55,523.38,523.38,523.38,0.22245,4.8763E-05,0.00010152,0.22892,0.123,0.0035316,0.0040065,0.99999,37497000,37497000,738.27,91.321,55.931,55.931,0.18289,0.0070865,0.020381,0.18332,0.048721,0.0015578,0.0050477,0.42186,16697000,16697000,311.19,122980000,137530000,137530000,44351,8.6193,-2.0701,44631,21283,567.55,0.00058511,214710,5418200000000,5418200000000,158630000,1
283780,0.31,435.68,486.95,486.95,0.15648,2.9867E-05,-9.9359E-06,0.15758,0.075,0.002,2.0618E-09,0.77738,19426000,19426000,574.32,571.28,571.28,571.28,0.99053,0.092932,0.20069,0.99053,0.15,0.004,0.01,1,50288000,50288000,738.28,457.89,493.15,493.15,0.11115,0,0,0.11217,0.075,0.002,1.758E-15,0.99809,17219000,17219000,737.26,304.18,304.18,304.18,0,-0.082994,-0.2006,0,0,0,-0.01,-5.7018E-17,48248,48251,0.70485,323.18,489.88,489.88,0,-4.8418E-05,-0.00014159,0,0.027,0.00046842,-0.0040065,0.95957,706500,706530,709.01,526.19,526.19,526.19,0.21995,4.811E-05,0.00012939,0.22278,0.123,0.0035316,0.0040065,0.99999,37944000,37944000,738.28,92.484,55.71,55.71,0.18299,0.0067794,0.021233,0.1834,0.048721,0.0015578,0.0050477,0.40732,16830000,16830000,300.46,123640000,138190000,138190000,44406,8.4758,-2.8196,44717,21283,567.55,0.00058511,220600,5512600000000,5512600000000,162980000,1
283780,0.32,438.1,489.37,489.37,0.15516,2.2832E-05,-5.5814E-06,0.15634,0.075,0.002,2.0618E-09,0.79807,19683000,19683000,589.57,574.53,574.53,574.53,0.99311,0.093006,0.18873,0.99311,0.15,0.004,0.01,1,50550000,50550000,738.28,476.75,493.15,493.15,0.1097,0,0,0.11128,0.075,0.002,1.758E-15,0.99826,17515000,17515000,737.36,304.67,304.67,304.67,0,-0.082964,-0.1887,0,0,0,-0.01,-3.3203E-18,54679,54682,0.70485,323.18,493.15,493.15,0,-4.7714E-05,-0.00016138,0,0.027,0.00046842,-0.0040065,0.97496,1010100,1010100,720.49,529,529,529,0.21677,4.5455E-05,0.00014839,0.21996,0.123,0.0035316,0.0040065,0.99999,38283000,38283000,738.28,93.674,55.473,55.473,0.18286,0.0069351,0.021694,0.18327,0.048721,0.0015578,0.0050477,0.39094,16927000,16927000,288.38,124320000,138870000,138870000,44031,6.4792,-1.5839,44366,21283,567.55,0.00058511,226480,5585700000000,5585700000000,167310000,1
283780,0.33,440.68,491.95,491.95,0.15526,2.9216E-05,-8.7577E-06,0.15623,0.075,0.002,2.0618E-09,0.8213,19970000,19970000,606.71,576.19,576.19,576.19,0.99524,0.092944,0.16022,0.99524,0.15,0.004,0.01,1,51079000,51079000,738.28,481.03,493.15,493.15,0.10918,0,0,0.11057,0.075,0.002,1.758E-15,0.99845,17831000,17831000,737.47,305.47,305.47,305.47,0,-0.082996,-0.16026,0,0,0,-0.01,-1.3307E-15,58947,58950,0.70485,323.18,493.15,493.15,0,-4.8089E-05,-0.00018724,0,0.027,0.00046842,-0.0040065,0.98301,1335500,1335500,726.46,531.61,531.61,531.61,0.21904,4.8923E-05,0.00017112,0.22092,0.123,0.0035316,0.0040065,1,38646000,38646000,738.28,94.579,54.619,54.619,0.18303,0.0070543,0.019825,0.18341,0.048721,0.0015578,0.0050477,0.37116,17023000,17023000,273.78,125050000,139600000,139600000,44058,8.2909,-2.4853,44334,21283,567.55,0.00058511,233070,5667100000000,5667100000000,172170000,1
283780,0.34,443.47,494.74,494.74,0.15499,2.8784E-05,-8.6164E-06,0.15588,0.075,0.002,2.0618E-09,0.8442,20270000,20270000,623.61,577.86,577.86,577.86,0.99687,0.092933,0.16008,0.99687,0.15,0.004,0.01,1,51490000,51490000,738.28,485.51,493.15,493.15,0.1083,0,0,0.10996,0.075,0.002,1.758E-15,0.99863,18152000,18152000,737.57,305.99,305.99,305.99,0,-0.082994,-0.16003,0,0,0,-0.01,-2.9965E-19,60200,60203,0.70484,323.17,493.15,493.15,0,-5.0992E-05,-0.00021234,0,0.027,0.00046842,-0.0040065,0.98722,1675800,1675800,729.53,534.02,534.02,534.02,0.21907,5.0496E-05,0.00019517,0.22087,0.123,0.0035316,0.0040065,1,39013000,39013000,738.28,95.298,53.229,53.229,0.18318,0.0070625,0.018916,0.18354,0.048721,0.0015578,0.0050477,0.34943,17111000,17111000,257.75,125850000,140400000,140400000,43984,8.1684,-2.4451,44235,21283,567.55,0.00058511,239570,5752200000000,5752200000000,176970000,1
283780,0.35,446.38,497.65,497.65,0.15498,2.9266E-05,-8.9643E-06,0.15583,0.075,0.002,2.0618E-09,0.86687,20576000,20576000,640.33,579.06,579.06,579.06,0.99818,0.092931,0.16112,0.99818,0.15,0.004,0.01,1,51903000,51903000,738.28,490.89,493.15,493.15,0.10791,0,0,0.10963,0.075,0.002,1.758E-15,0.99882,18467000,18467000,737.67,306.62,306.62,306.62,0,-0.082993,-0.16107,0,0,0,-0.01,-5.2468E-14,60187,60190,0.70485,323.17,493.15,493.15,0,-5.073E-05,-0.00024454,0,0.027,0.00046842,-0.0040065,0.98968,2013000,2013000,731.4,536.28,536.28,536.28,0.21896,5.0857E-05,0.00022622,0.22053,0.123,0.0035316,0.0040065,1,39380000,39380000,738.28,95.851,51.388,51.388,0.1834,0.0070413,0.018535,0.18375,0.048721,0.0015578,0.0050477,0.325,17192000,17192000,239.73,126670000,141220000,141220000,43979,8.3051,-2.5439,44220,21283,567.55,0.00058511,246000,5839100000000,5839100000000,181710000,1
283780,0.36,449.36,500.63,500.63,0.15494,2.8969E-05,-8.9344E-06,0.15577,0.075,0.002,2.0618E-09,0.88946,20889000,20889000,656.99,579.13,579.13,579.13,0.99936,0.09293,0.16214,0.99936,0.15,0.004,0.01,1,52313000,52313000,738.28,494.31,494.31,494.31,0.10742,0,0,0.10909,0.075,0.002,1.758E-15,0.99901,18780000,18780000,737.77,323.15,324.57,324.57,0,-0.082993,-0.16208,0,0,0,-0.01,-1.2657E-13,59979,59982,0.70484,323.17,493.15,493.15,0,-5.0823E-05,-0.00026454,0,0.027,0.00046842,-0.0040065,0.99129,2348500,2348500,732.63,538.39,538.39,538.39,0.21893,5.1358E-05,0.00024547,0.22082,0.123,0.0035316,0.0040065,1,39744000,39744000,738.28,96.23,49.064,49.064,0.1836,0.0070435,0.018329,0.18395,0.048721,0.0015578,0.0050477,0.29703,17264000,17264000,219.1,127520000,142070000,142070000,43968,8.2207,-2.5354,44205,21283,567.55,0.00058511,252410,5927900000000,5927900000000,186440000,1
283780,0.37,452.3,503.57,503.57,0.15485,2.7741E-05,-9.0352E-06,0.15568,0.075,0.002,2.0618E-09,0.91203,21209000,21209000,673.64,579.03,579.03,579.03,1.0008,0.092969,0.16354,1.0008,0.15,0.004,0.01,1,52724000,52724000,738.28,496.81,496.81,496.81,0.10673,0,0,0.10848,0.075,0.002,1.758E-15,0.99919,19090000,19090000,737.87,323.15,325.02,325.02,0,-0.083022,-0.16346,0,0,0,-0.01,-8.6522E-14,59892,59895,0.70485,323.17,493.15,493.15,0,-5.3066E-05,-0.00027692,0,0.027,0.00046842,-0.0040065,0.99246,2682000,2682000,733.52,540.42,540.42,540.42,0.21864,5.1356E-05,0.00025938,0.22021,0.123,0.0035316,0.0040065,1,40109000,40109000,738.28,96.595,46.651,46.651,0.18379,0.0070575,0.018204,0.18413,0.048721,0.0015578,0.0050477,0.26433,17329000,17329000,194.97,128350000,142900000,142900000,43944,7.8724,-2.564,44177,21283,567.55,0.00058511,258810,6018600000000,6018600000000,191160000,1
283780,0.38,455.38,506.65,506.65,0.15471,2.6207E-05,-8.8888E-06,0.15552,0.075,0.002,2.0618E-09,0.93459,21537000,21537000,690.28,578.91,578.91,578.91,1.0019,0.092936,0.16545,1.0019,0.15,0.004,0.01,1,53136000,53136000,738.28,499.2,499.2,499.2,0.10606,0,0,0.10776,0.075,0.002,1.758E-15,0.99935,19397000,19397000,737.95,323.15,325.55,325.55,0,-0.082997,-0.16537,0,0,0,-0.01,-5.3172E-14,59900,59903,0.70487,323.17,493.15,493.15,0,-5.3252E-05,-0.00027883,0,0.027,0.00046842,-0.0040065,0.99344,3014600,3014600,734.16,542.52,542.52,542.52,0.21863,5.1074E-05,0.0002642,0.22042,0.123,0.0035316,0.0040065,1,40475000,40475000,738.28,96.759,43.505,43.505,0.18395,0.0070661,0.018084,0.18429,0.048721,0.0015578,0.0050477,0.22478,17387000,17387000,165.8,129230000,143780000,143780000,43904,7.437,-2.5225,44134,21283,567.55,0.00058511,265220,6111700000000,6111700000000,195890000,1
283780,0.39,459.38,510.65,510.65,0.15381,2.9895E-05,-9.3946E-06,0.15461,0.075,0.002,2.0618E-09,0.95721,21874000,21874000,706.96,579.18,579.18,579.18,1.0027,0.09293,0.16797,1.0027,0.15,0.004,0.01,1,53552000,53552000,738.28,501.85,501.85,501.85,0.10379,0,0,0.10514,0.075,0.002,1.758E-15,0.99949,19703000,19703000,738.02,323.15,325.63,325.63,0,-0.082994,-0.16788,0,0,0,-0.01,-5.2011E-14,59994,59997,0.68041,323.17,493.15,493.15,0,-5.1773E-05,-0.00028491,0,0.027,0.00046842,-0.0040065,0.99415,3345500,3345500,734.65,544.68,544.68,544.68,0.21443,5.0484E-05,0.00027144,0.2167,0.123,0.0035316,0.0040065,1,40844000,40844000,738.28,96.494,37.833,37.833,0.18392,0.0066666,0.018045,0.18426,0.048721,0.0015578,0.0050477,0.17337,17438000,17438000,127.89,130360000,144910000,144910000,43649,8.4835,-2.666,43875,21283,567.55,0.00058511,271640,6207300000000,6207300000000,200620000,1
283780,0.4,461.68,512.95,512.95,0.15295,2.5782E-05,-9.5737E-06,0.1537,0.075,0.002,2.0618E-09,0.98461,22225000,22225000,727.17,579.16,579.16,579.16,1.0035,0.09297,0.17094,1.0035,0.15,0.004,0.01,1,53999000,53999000,738.28,503.76,503.83,503.83,0.10022,0,0,0.10105,0.075,0.002,1.758E-15,0.99965,20014000,20014000,738.08,323.15,366.54,366.54,0,-0.082941,-0.17084,0,0,0,-0.01,-8.7737E-20,45886,45897,0.70675,323.17,493.15,493.15,0,-4.8832E-05,-0.00026012,0,0.027,0.00046842,-0.0040065,0.99495,3681300,3681300,735.22,547.19,547.19,547.19,0.20966,4.6679E-05,0.0002489,0.21142,0.123,0.0035316,0.0040065,1,41222000,41222000,738.28,96.944,35.931,35.931,0.18447,0.0058024,0.017828,0.1848,0.048721,0.0015578,0.0050477,0.071208,17482000,17482000,52.497,131020000,145570000,145570000,43403,7.3164,-2.7168,43616,21283,567.55,0.00058511,279410,6307000000000,6307000000000,206360000,1
283780,0.41,461.69,512.96,512.96,0.15314,2.6641E-05,-8.9779E-06,0.1538,0.075,0.002,2.0618E-09,0.98833,22291000,22291000,729.91,580.09,580.09,580.09,1.0043,0.093003,0.17415,1.0043,0.15,0.004,0.01,1,54133000,54133000,738.28,503.58,503.69,503.69,0.099386,0,0,0.099889,0.075,0.002,1.758E-15,0.99965,20033000,20033000,738.08,323.15,382.19,382.19,0,-0.082954,-0.17403,0,0,0,-0.01,0.013897,99975,100000,10.977,323.16,493.15,493.15,0,-3.2924E-05,-0.00016299,0,0.027,0.00046842,-0.0040065,0.99507,3722300,3722300,735.3,547.57,547.57,547.57,0.20908,3.1359E-05,0.00015526,0.2106,0.123,0.0035316,0.0040065,1,41310000,41310000,738.28,97.057,36.254,36.254,0.18508,0.0051398,0.017112,0.1854,0.048721,0.0015578,0.0050477,0.044587,17516000,17516000,32.828,131020000,145570000,145570000,43458,7.56,-2.5477,43645,21283,567.55,0.00058511,280470,6325600000000,6325600000000,207130000,1
283780,0.42,461.58,512.85,512.85,0.15303,2.6118E-05,-8.6721E-06,0.15368,0.075,0.002,2.0618E-09,0.98871,22316000,22316000,730.2,581.5,581.5,581.5,1.0047,0.093003,0.17697,1.0047,0.15,0.004,0.01,1,54228000,54228000,738.28,503.38,503.46,503.46,0.09901,0,0,0.099509,0.075,0.002,1.758E-15,0.99964,20014000,20014000,738.06,323.15,382.03,382.03,0,-0.082953,-0.1768,0,0,0,-0.01,0.062832,99975,100000,47.107,323.16,493.15,493.15,0,-3.3559E-05,-0.00013892,0,0.027,0.00046842,-0.0040065,0.99505,3723200,3723200,735.27,547.8,547.8,547.8,0.20839,3.1661E-05,0.00013345,0.21,0.123,0.0035316,0.0040065,1,41366000,41366000,738.28,97.09,36.507,36.507,0.18516,0.0051318,0.017102,0.18548,0.048721,0.0015578,0.0050477,0.041123,17551000,17551000,30.267,130990000,145540000,145540000,43426,7.4117,-2.461,43612,21283,567.55,0.00058511,280580,6332700000000,6332700000000,207210000,1
283780,0.43,461.44,512.71,512.71,0.15292,2.6879E-05,-9.0296E-06,0.15357,0.075,0.002,2.0618E-09,0.98892,22343000,22343000,730.35,582.61,582.61,582.61,1.005,0.093004,0.17907,1.005,0.15,0.004,0.01,1,54327000,54327000,738.28,503.08,503.19,503.19,0.098645,0,0,0.099161,0.075,0.002,1.758E-15,0.99961,20003000,20003000,738.05,323.15,381.75,381.75,0,-0.082953,-0.17895,0,0,0,-0.01,0.09807,99975,100000,73.236,323.16,493.15,493.15,0,-3.3249E-05,-0.00013656,0,0.027,0.00046842,-0.0040065,0.99505,3723800,3723800,735.25,548.1,548.1,548.1,0.20768,3.1425E-05,0.00012931,0.20933,0.123,0.0035316,0.0040065,1,41443000,41443000,738.28,97.103,36.732,36.732,0.18523,0.0051301,0.017084,0.18555,0.048721,0.0015578,0.0050477,0.039337,17588000,17588000,28.947,130950000,145500000,145500000,43394,7.6278,-2.5624,43579,21283,567.55,0.00058511,280640,6340500000000,6340500000000,207260000,1
283780,0.44,461.3,512.57,512.57,0.1528,2.5751E-05,-8.7312E-06,0.15345,0.075,0.002,2.0618E-09,0.98907,22372000,22372000,730.46,583.5,583.5,583.5,1.0053,0.093003,0.1812,1.0053,0.15,0.004,0.01,1,54432000,54432000,738.28,502.77,502.86,502.86,0.098229,0,0,0.098796,0.075,0.002,1.758E-15,0.99958,19998000,19998000,738.02,323.15,381.5,381.5,0,-0.082953,-0.18102,0,0,0,-0.01,0.11627,99975,100000,86.672,323.16,493.15,493.15,0,-3.341E-05,-0.00013543,0,0.027,0.00046842,-0.0040065,0.99502,3722700,3722700,735.22,548.55,548.55,548.55,0.20707,3.1096E-05,0.0001294,0.20853,0.123,0.0035316,0.0040065,1,41530000,41530000,738.28,97.111,36.947,36.947,0.18529,0.005129,0.017053,0.18561,0.048721,0.0015578,0.0050477,0.038113,17628000,17628000,28.042,130910000,145460000,145460000,43362,7.3076,-2.4777,43546,21283,567.55,0.00058511,280680,6348800000000,6348800000000,207290000,1
283780,0.45,461.16,512.43,512.43,0.15269,2.602E-05,-9.0063E-06,0.15334,0.075,0.002,2.0618E-09,0.98916,22404000,22404000,730.53,584.21,584.21,584.21,1.0057,0.093003,0.18092,1.0057,0.15,0.004,0.01,1,54543000,54543000,738.28,502.47,502.58,502.58,0.097846,0,0,0.098532,0.075,0.002,1.758E-15,0.99955,19998000,19998000,738.01,323.15,381.27,381.27,0,-0.082953,-0.18075,0,0,0,-0.01,0.12757,99975,100000,95.004,323.17,493.15,493.15,0,-3.3676E-05,-0.00013591,0,0.027,0.00046842,-0.0040065,0.99499,3722200,3722200,735.22,548.86,548.86,548.86,0.20659,3.129E-05,0.00013038,0.20767,0.123,0.0035316,0.0040065,1,41600000,41600000,738.28,97.115,37.156,37.156,0.18534,0.0051286,0.017009,0.18566,0.048721,0.0015578,0.0050477,0.037421,17671000,17671000,27.53,130870000,145420000,145420000,43331,7.384,-2.5558,43513,21283,567.55,0.00058511,280700,6357700000000,6357700000000,207310000,1
